"Months","Monthly payment","Remaining balance"
"1","2815,56","683189,93"
"2","2810,53","680379,40"
"3","2805,50","677573,90"
"4","2800,47","674773,43"
"5","2795,44","671977,99"
"6","2790,42","669187,57"
"7","2785,39","666402,18"
"8","2780,36","663621,82"
"9","2775,33","660846,49"
"10","2770,31","658076,18"
"11","2765,28","655310,90"
"12","2760,25","652550,65"
"13","2755,22","649795,43"
"14","2750,19","647045,24"
"15","2745,17","644300,07"
"16","2740,14","641559,93"
"17","2735,11","638824,82"
"18","2730,08","636094,74"
"19","2725,06","633369,68"
"20","2720,03","630649,65"
"21","2715,00","627934,65"
"22","2709,97","625224,68"
"23","2704,94","622519,74"
"24","2699,92","619819,82"
"25","2694,89","617124,93"
"26","2689,86","614435,07"
"27","2684,83","611750,24"
"28","2679,81","609070,43"
"29","2674,78","606395,65"
"30","2669,75","603725,90"
"31","2664,72","601061,18"
"32","2659,69","598401,49"
"33","2654,67","595746,82"
"34","2649,64","593097,18"
"35","2644,61","590452,57"
"36","2639,58","587812,99"
"37","2634,56","585178,43"
"38","2629,53","582548,90"
"39","2624,50","579924,40"
"40","2619,47","577304,93"
"41","2614,44","574690,49"
"42","2609,42","572081,07"
"43","2604,39","569476,68"
"44","2599,36","566877,32"
"45","2594,33","564282,99"
"46","2589,31","561693,68"
"47","2584,28","559109,40"
"48","2579,25","556530,15"
"49","2574,22","553955,93"
"50","2569,19","551386,74"
"51","2564,17","548822,57"
"52","2559,14","546263,43"
"53","2554,11","543709,32"
"54","2549,08","541160,24"
"55","2544,06","538616,18"
"56","2539,03","536077,15"
"57","2534,00","533543,15"
"58","2528,97","531014,18"
"59","2523,94","528490,24"
"60","0,00","528490,24"
"61","0,00","528490,24"
"62","0,00","528490,24"
"63","0,00","528490,24"
"64","0,00","528490,24"
"65","0,00","528490,24"
"66","0,00","528490,24"
"67","0,00","528490,24"
"68","0,00","528490,24"
"69","0,00","528490,24"
"70","0,00","528490,24"
"71","0,00","528490,24"
"72","2547,68","525942,56"
"73","2547,68","523394,88"
"74","2542,65","520852,24"
"75","2537,62","518314,62"
"76","2532,59","515782,02"
"77","2527,56","513254,46"
"78","2522,54","510731,92"
"79","2517,51","508214,41"
"80","2512,48","505701,93"
"81","2507,45","503194,48"
"82","2502,43","500692,05"
"83","2497,40","498194,66"
"84","2492,37","495702,29"
"85","2487,34","493214,94"
"86","2482,31","490732,63"
"87","2477,29","488255,34"
"88","2472,26","485783,08"
"89","2467,23","483315,85"
"90","2462,20","480853,65"
"91","2457,18","478396,47"
"92","2452,15","475944,33"
"93","2447,12","473497,21"
"94","2442,09","471055,11"
"95","2437,06","468618,05"
"96","2432,04","466186,01"
"97","2427,01","463759,00"
"98","2421,98","461337,02"
"99","2416,95","458920,07"
"100","2411,93","456508,14"
"101","2406,90","454101,25"
"102","2401,87","451699,38"
"103","2396,84","449302,53"
"104","2391,81","446910,72"
"105","2386,79","444523,93"
"106","2381,76","442142,17"
"107","2376,73","439765,44"
"108","2371,70","437393,74"
"109","2366,68","435027,06"
"110","2361,65","432665,42"
"111","2356,62","430308,80"
"112","2351,59","427957,20"
"113","2346,56","425610,64"
"114","2341,54","423269,10"
"115","2336,51","420932,59"
"116","2331,48","418601,11"
"117","2326,45","416274,66"
"118","2321,43","413953,23"
"119","2316,40","411636,84"
"120","2311,37","409325,47"
"121","2306,34","407019,12"
"122","2301,31","404717,81"
"123","2296,29","402421,52"
"124","2291,26","400130,26"
"125","2286,23","397844,03"
"126","2281,20","395562,83"
"127","2276,18","393286,65"
"128","2271,15","391015,51"
"129","2266,12","388749,39"
"130","2261,09","386488,29"
"131","2256,06","384232,23"
"132","2251,04","381981,19"
"133","2246,01","379735,18"
"134","2240,98","377494,20"
"135","2235,95","375258,25"
"136","2230,93","373027,32"
"137","2225,90","370801,43"
"138","2220,87","368580,56"
"139","2215,84","366364,71"
"140","2210,81","364153,90"
"141","2205,79","361948,11"
"142","2200,76","359747,35"
"143","2195,73","357551,62"
"144","2190,70","355360,92"
"145","2185,68","353175,24"
"146","2180,65","350994,60"
"147","2175,62","348818,98"
"148","2170,59","346648,38"
"149","2165,56","344482,82"
"150","2160,54","342322,28"
"151","2155,51","340166,77"
"152","2150,48","338016,29"
"153","2145,45","335870,84"
"154","2140,43","333730,41"
"155","2135,40","331595,02"
"156","2130,37","329464,65"
"157","2125,34","327339,30"
"158","2120,31","325218,99"
"159","2115,29","323103,70"
"160","2110,26","320993,44"
"161","2105,23","318888,21"
"162","2100,20","316788,01"
"163","2095,18","314692,83"
"164","2090,15","312602,69"
"165","2085,12","310517,57"
"166","2080,09","308437,47"
"167","2075,06","306362,41"
"168","2070,04","304292,37"
"169","2065,01","302227,36"
"170","2059,98","300167,38"
"171","2054,95","298112,43"
"172","2049,93","296062,50"
"173","2044,90","294017,61"
"174","2039,87","291977,74"
"175","2034,84","289942,89"
"176","2029,81","287913,08"
"177","2024,79","285888,29"
"178","2019,76","283868,53"
"179","2014,73","281853,80"
"180","2009,70","279844,10"
"181","2004,68","277839,42"
"182","1999,65","275839,78"
"183","1994,62","273845,16"
"184","1989,59","271855,56"
"185","1984,56","269871,00"
"186","1979,54","267891,46"
"187","1974,51","265916,95"
"188","1969,48","263947,47"
"189","1964,45","261983,02"
"190","1959,43","260023,59"
"191","1954,40","258069,20"
"192","1949,37","256119,83"
"193","1944,34","254175,48"
"194","1939,31","252236,17"
"195","1934,29","250301,88"
"196","1929,26","248372,62"
"197","1924,23","246448,39"
"198","1919,20","244529,19"
"199","1914,18","242615,01"
"200","1909,15","240705,87"
"201","1904,12","238801,75"
"202","1899,09","236902,65"
"203","1894,06","235008,59"
"204","1889,04","233119,55"
"205","1884,01","231235,54"
"206","1878,98","229356,56"
"207","1873,95","227482,61"
"208","1868,93","225613,68"
"209","1863,90","223749,79"
"210","1858,87","221890,92"
"211","1853,84","220037,07"
"212","1848,81","218188,26"
"213","1843,79","216344,47"
"214","1838,76","214505,71"
"215","1833,73","212671,98"
"216","1828,70","210843,28"
"217","1823,68","209019,60"
"218","1818,65","207200,96"
"219","1813,62","205387,34"
"220","1808,59","203578,74"
"221","1803,56","201775,18"
"222","1798,54","199976,64"
"223","1793,51","198183,13"
"224","1788,48","196394,65"
"225","1783,45","194611,20"
"226","1778,43","192832,77"
"227","1773,40","191059,38"
"228","1768,37","189291,01"
"229","1763,34","187527,66"
"230","1758,31","185769,35"
"231","1753,29","184016,06"
"232","1748,26","182267,80"
"233","1743,23","180524,57"
"234","1738,20","178786,37"
"235","1733,18","177053,19"
"236","1728,15","175325,05"
"237","1723,12","173601,93"
"238","1718,09","171883,83"
"239","1713,06","170170,77"
"240","1708,04","168462,73"
"241","1703,01","166759,72"
"242","1697,98","165061,74"
"243","1692,95","163368,79"
"244","1687,93","161680,86"
"245","1682,90","159997,97"
"246","1677,87","158320,10"
"247","1672,84","156647,25"
"248","1667,81","154979,44"
"249","1662,79","153316,65"
"250","1657,76","151658,89"
"251","1652,73","150006,16"
"252","1647,70","148358,46"
"253","1642,68","146715,78"
"254","1637,65","145078,14"
"255","1632,62","143445,52"
"256","1627,59","141817,92"
"257","1622,56","140195,36"
"258","1617,54","138577,82"
"259","1612,51","136965,31"
"260","1607,48","135357,83"
"261","1602,45","133755,38"
"262","1597,43","132157,95"
"263","1592,40","130565,56"
"264","1587,37","128978,19"
"265","1582,34","127395,84"
"266","1577,31","125818,53"
"267","1572,29","124246,24"
"268","1567,26","122678,98"
"269","1562,23","121116,75"
"270","1557,20","119559,55"
"271","1552,18","118007,37"
"272","1547,15","116460,23"
"273","1542,12","114918,11"
"274","1537,09","113381,01"
"275","1532,06","111848,95"
"276","1527,04","110321,91"
"277","1522,01","108799,90"
"278","1516,98","107282,92"
"279","1511,95","105770,97"
"280","1506,93","104264,04"
"281","1501,90","102762,15"
"282","1496,87","101265,28"
"283","1491,84","99773,43"
"284","1486,81","98286,62"
"285","1481,79","96804,83"
"286","1476,76","95328,07"
"287","1471,73","93856,34"
"288","1466,70","92389,64"
"289","1461,68","90927,96"
"290","1456,65","89471,32"
"291","1451,62","88019,70"
"292","1446,59","86573,10"
"293","1441,56","85131,54"
"294","1436,54","83695,00"
"295","1431,51","82263,49"
"296","1426,48","80837,01"
"297","1421,45","79415,56"
"298","1416,43","77999,13"
"299","1411,40","76587,74"
"300","1406,37","75181,37"
"301","1401,34","73780,02"
"302","1396,31","72383,71"
"303","1391,29","70992,42"
"304","1386,26","69606,16"
"305","1381,23","68224,93"
"306","1376,20","66848,73"
"307","1371,18","65477,55"
"308","1366,15","64111,41"
"309","1361,12","62750,29"
"310","1356,09","61394,19"
"311","1351,06","60043,13"
"312","1346,04","58697,09"
"313","1341,01","57356,08"
"314","1335,98","56020,10"
"315","1330,95","54689,15"
"316","1325,93","53363,22"
"317","1320,90","52042,33"
"318","1315,87","50726,46"
"319","1310,84","49415,61"
"320","1305,81","48109,80"
"321","1300,79","46809,01"
"322","1295,76","45513,25"
"323","1290,73","44222,52"
"324","1285,70","42936,82"
"325","1280,68","41656,14"
"326","1275,65","40380,50"
"327","1270,62","39109,88"
"328","1265,59","37844,28"
"329","1260,56","36583,72"
"330","1255,54","35328,18"
"331","1250,51","34077,67"
"332","1245,48","32832,19"
"333","1240,45","31591,74"
"334","1235,43","30356,31"
"335","1230,40","29125,92"
"336","1225,37","27900,55"
"337","1220,34","26680,20"
"338","1215,31","25464,89"
"339","1210,29","24254,60"
"340","1205,26","23049,34"
"341","1200,23","21849,11"
"342","1195,20","20653,91"
"343","1190,18","19463,73"
"344","1185,15","18278,59"
"345","1180,12","17098,47"
"346","1175,09","15923,37"
"347","1170,06","14753,31"
"348","1165,04","13588,27"
"349","1160,01","12428,26"
"350","1154,98","11273,28"
"351","1149,95","10123,33"
"352","1144,93","8978,40"
"353","1139,90","7838,51"
"354","1134,87","6703,64"
"355","1129,84","5573,79"
"356","1124,81","4448,98"
"357","1119,79","3329,19"
"358","1114,76","2214,43"
"359","1109,73","1104,70"
"360","1104,70","0,00"
